                  epoch,         train/box_loss,         train/cls_loss,         train/dfl_loss,   metrics/precision(B),      metrics/recall(B),       metrics/mAP50(B),    metrics/mAP50-95(B),           val/box_loss,           val/cls_loss,           val/dfl_loss,                 lr/pg0,                 lr/pg1,                 lr/pg2
                      0,                 2.9871,                 3.7594,                 1.4762,                0.00961,                0.08333,                0.00527,                0.00213,                 2.0728,                 3.5459,                 1.1661,                 0.0937,                 0.0007,                 0.0007
                      1,                 2.5182,                 3.3807,                  1.255,                0.02745,                 0.2381,                0.01778,                0.00769,                 1.9499,                 3.1586,                 1.0887,               0.086203,               0.001203,               0.001203
                      2,                 2.2988,                 2.1917,                 1.1784,                 0.0798,                0.69218,                0.38528,                0.16173,                 1.9998,                 2.6858,                 1.1426,               0.078389,              0.0013892,              0.0013892
                      3,                 2.2273,                 1.6601,                 1.1541,                0.08392,                0.72789,                0.59498,                0.23577,                   1.99,                 2.4076,                 1.1209,               0.070259,              0.0012586,              0.0012586
                      4,                 2.2961,                 1.5337,                 1.1314,                0.08863,                0.76871,                 0.6305,                0.24754,                 2.0325,                 2.3566,                 1.1279,               0.061811,              0.0008112,              0.0008112
